The director's question hangs in the air, met initially by a silence broken only by the rustling of leaves overhead and the distant call of a bird. Then, slowly but surely, hands begin to shoot up along the line of naked children.

From near the front, a girl with pigtails and a gap-toothed smile speaks first: "What happens if we really need to use the bathroom during an inspection?" Her voice is small but steady, betraying only a hint of nervousness.

The director nods approvingly, clearly pleased that she's following his instructions about using non-verbal cues. He steps closer to the girl, bending down slightly so he can speak directly to her without being overheard by the others.

"That's an excellent question," he says softly, his eyes twinkling with warmth. "If you need to use the restroom during one of our inspections or group activities, simply stick out your tongue and give a little wave – like this." He demonstrates the gesture, careful not to draw too much attention from the other campers.

"As soon as I see that signal," he continues, "I'll have one of our counselors escort you quickly and quietly to the nearest facilities. We want everyone to feel comfortable and taken care of at all times here at Camp Butt Naked."

The girl nods, looking relieved as she drops her hand back down.

Next, a boy with dark hair and glasses raises his cross-eyed signal from near the middle of the line. "What if we don't like someone who's inspecting us?" he asks, his voice wavering slightly with uncertainty. "Like, what if they make us feel uncomfortable or do something that scares us?"

The director's expression grows serious as he steps over to address the boy's concern. "That's a very important question," he says, crouching down so they're at eye level. "Here at Camp Butt Naked, we strive to create an environment where every camper feels safe and respected."

He takes a deep breath before continuing: "If at any point during our inspections or other activities you feel uncomfortable with the way someone is treating you – whether it's a counselor, another staff member, or even another camper – I want you to stick out your tongue and give a thumbs-down signal like this." He demonstrates, sticking out his tongue and lowering his thumb.

"As soon as I see that," he says, "I'll immediately intervene and address the situation. We take the safety and well-being of all our campers very seriously, so please don't hesitate to use these signals if you ever feel the need."

The boy nods, looking somewhat reassured by the director's firm yet gentle response.

Finally, a girl with long braids and a mischievous glint in her eye steps forward, cross-eyed and tongue out. "What about if we have questions or ideas that aren't related to inspections?" she asks, her voice filled with curiosity. "Like, what if we want to know more about how the camp works or learn new activities?"

The director smiles warmly at her question, clearly appreciating her inquisitive spirit. "That's a great question," he says, moving closer so only she can hear his response. "Here at Camp Butt Naked, we encourage curiosity and open communication at all times – not just during our inspections."

He gestures toward the counselors standing nearby. "Molly and Ben are always available to answer questions or help you explore new ideas," he explains. "And during our free time activities each day, you'll have plenty of opportunities to learn new skills, try out different hobbies, and even suggest your own projects or games."

The girl nods eagerly, her eyes sparkling with excitement as she uncrosses her eyes and drops her tongue.

As the director looks around at the line of attentive children, he's clearly pleased by their engagement and willingness to ask questions. "I'm glad we could address all those concerns," he says, his voice rising to be heard by everyone. "Now, let's move on to the next part of our orientation – getting you all settled into your cabins and ready for a fantastic summer of adventure, exploration, and self-discovery!" 

With that, he claps his hands together, signaling for them to break their lines and follow him up the path toward their new homes at Camp Butt Naked. The children chatter excitedly as they begin to march behind him, their bare feet padding softly against the grass and their hearts filled with anticipation for all that lies ahead.
```